startDate,value
2020-09-14 08:17:29 -0400,68
2020-09-14 08:11:30 -0400,68
2020-09-14 08:07:24 -0400,67
2020-09-14 08:04:59 -0400,64
2020-09-14 07:55:04 -0400,66
2020-09-14 07:50:59 -0400,66
2020-09-14 07:45:26 -0400,65
2020-09-14 07:42:34 -0400,64
2020-09-14 07:35:42 -0400,64
2020-09-14 07:32:29 -0400,65
2020-09-14 07:25:24 -0400,66
2020-09-14 07:20:09 -0400,66
2020-09-14 07:17:09 -0400,65
2020-09-14 07:10:10 -0400,61
2020-09-14 07:07:12 -0400,66
2020-09-14 07:04:42 -0400,69.5023
2020-09-14 07:01:03 -0400,65
2020-09-14 06:56:57 -0400,67
2020-09-14 06:53:51 -0400,67
2020-09-14 06:45:26 -0400,67
2020-09-14 06:40:14 -0400,71
2020-09-14 06:35:57 -0400,67
2020-09-14 06:33:22 -0400,61
2020-09-14 06:25:22 -0400,60
2020-09-14 06:21:27 -0400,59
2020-09-14 06:15:02 -0400,65
2020-09-14 06:10:27 -0400,65
2020-09-14 06:07:47 -0400,61
2020-09-14 06:00:22 -0400,62
2020-09-14 05:56:05 -0400,64
2020-09-14 05:50:42 -0400,64
2020-09-14 05:45:10 -0400,64
2020-09-14 05:40:07 -0400,64
2020-09-14 05:35:22 -0400,65
2020-09-14 05:30:57 -0400,65
2020-09-14 05:26:04 -0400,64
2020-09-14 05:20:07 -0400,63
2020-09-14 05:15:16 -0400,63
2020-09-14 05:11:16 -0400,63
2020-09-14 05:05:16 -0400,67
2020-09-14 05:00:36 -0400,68
2020-09-14 04:55:31 -0400,68
2020-09-14 04:50:01 -0400,66
2020-09-14 04:46:04 -0400,66
2020-09-14 04:40:06 -0400,65
2020-09-14 04:37:16 -0400,66
2020-09-14 04:32:11 -0400,72
2020-09-14 04:25:16 -0400,67
2020-09-14 04:20:16 -0400,67
2020-09-14 04:15:01 -0400,68
2020-09-14 04:10:07 -0400,68
2020-09-14 04:05:26 -0400,68
2020-09-14 04:00:06 -0400,68
2020-09-14 03:55:31 -0400,68
2020-09-14 03:50:11 -0400,67
2020-09-14 03:45:56 -0400,68
2020-09-14 03:42:51 -0400,68
2020-09-14 03:35:52 -0400,72
2020-09-14 03:31:01 -0400,70
2020-09-14 03:25:39 -0400,74
2020-09-14 03:20:01 -0400,70
2020-09-14 03:15:01 -0400,71
2020-09-14 03:11:26 -0400,73
2020-09-14 03:06:11 -0400,75
2020-09-14 03:04:39 -0400,71.1111
2020-09-14 03:01:46 -0400,79
2020-09-14 02:56:09 -0400,78
2020-09-14 02:53:56 -0400,78
2020-09-14 02:47:36 -0400,77
2020-09-14 02:42:06 -0400,76
2020-09-14 02:36:31 -0400,74
2020-09-14 02:30:24 -0400,71
2020-09-14 02:25:23 -0400,71
2020-09-14 02:20:09 -0400,71
2020-09-14 02:15:24 -0400,72
2020-09-14 02:10:24 -0400,71
2020-09-14 02:07:46 -0400,69
2020-09-14 02:02:19 -0400,69
2020-09-14 02:00:21 -0400,71.7757
2020-09-14 01:57:03 -0400,77
2020-09-06 01:25:03 -0400,101
2020-09-06 01:25:03 -0400,103.087
2020-09-06 01:24:01 -0400,103
2020-09-06 01:18:26 -0400,109
2020-09-06 00:57:17 -0400,114
2020-09-06 00:54:21 -0400,101
2020-09-06 00:43:15 -0400,94
2020-09-06 00:29:12 -0400,100
2020-09-06 00:22:37 -0400,115
2020-09-06 00:13:33 -0400,101
2020-09-06 00:00:17 -0400,102
2020-09-05 23:57:01 -0400,104
2020-09-05 23:50:21 -0400,110
2020-09-05 23:46:17 -0400,109
2020-09-05 23:42:10 -0400,106
2020-09-05 23:34:53 -0400,101
2020-09-05 23:30:31 -0400,77
2020-09-05 23:25:42 -0400,108
2020-09-05 23:02:57 -0400,102
2020-09-05 22:15:16 -0400,99
2020-09-05 22:10:09 -0400,102
2020-09-05 21:56:14 -0400,100
2020-09-05 21:50:56 -0400,100
2020-09-05 21:49:20 -0400,100
2020-09-05 21:25:37 -0400,109
2020-09-05 21:09:50 -0400,85
2020-09-05 21:08:47 -0400,105
2020-09-05 21:02:18 -0400,73
2020-09-05 20:56:17 -0400,85
2020-09-05 20:50:52 -0400,64
2020-09-05 20:31:30 -0400,65
2020-09-05 20:27:37 -0400,66
2020-09-05 19:09:49 -0400,99
2020-09-05 19:00:47 -0400,93
2020-09-05 18:58:30 -0400,97
2020-09-05 18:47:13 -0400,96
2020-09-05 18:42:49 -0400,82
2020-09-05 17:47:27 -0400,86
2020-09-05 17:04:09 -0400,123
2020-09-05 16:50:57 -0400,126
2020-09-05 16:48:40 -0400,115
2020-09-05 16:35:47 -0400,133
2020-09-05 16:31:30 -0400,132
2020-09-05 16:28:38 -0400,134
2020-09-05 16:20:46 -0400,129
2020-09-05 12:55:19 -0400,81
2020-09-05 12:45:24 -0400,83
2020-09-05 12:41:44 -0400,73
2020-09-05 12:39:12 -0400,78
2020-09-05 12:31:08 -0400,84
2020-09-05 12:26:21 -0400,81
2020-09-05 12:21:50 -0400,83
2020-09-05 12:15:57 -0400,88
2020-09-05 12:11:46 -0400,83
2020-09-05 12:08:23 -0400,89
2020-09-05 12:04:03 -0400,89
2020-09-05 12:02:52 -0400,110
2020-09-05 11:59:06 -0400,101
2020-09-05 11:55:54 -0400,115
2020-09-05 11:43:42 -0400,109
2020-09-05 11:40:47 -0400,89
2020-09-05 11:39:16 -0400,96
2020-09-05 11:31:16 -0400,93
2020-09-05 11:25:02 -0400,87
2020-09-05 11:23:11 -0400,79
2020-09-05 11:19:11 -0400,88
2020-09-05 11:13:56 -0400,91
2020-09-05 11:11:24 -0400,110
2020-09-05 11:07:01 -0400,87
2020-09-05 11:02:41 -0400,88
2020-09-05 10:57:55 -0400,90
2020-09-05 10:53:42 -0400,94
2020-09-05 10:47:49 -0400,90
2020-09-05 10:44:33 -0400,100
2020-09-05 10:40:38 -0400,82
2020-09-05 10:35:27 -0400,85
2020-09-05 10:30:39 -0400,81
2020-09-05 10:26:17 -0400,82
2020-09-05 10:22:19 -0400,97
2020-09-05 10:16:45 -0400,98
2020-09-05 10:14:08 -0400,94
2020-09-05 10:08:27 -0400,110
2020-09-05 10:07:39 -0400,126
2020-09-05 10:04:56 -0400,109
2020-09-05 09:59:26 -0400,91
2020-09-05 09:54:59 -0400,93
2020-09-05 09:53:09 -0400,90
2020-09-05 09:44:26 -0400,95
2020-09-05 09:42:21 -0400,86
2020-09-05 09:37:27 -0400,100
2020-09-05 09:30:13 -0400,96
2020-09-05 09:27:27 -0400,83
2020-09-05 09:25:08 -0400,110
2020-09-05 09:20:36 -0400,91
2020-09-05 09:19:23 -0400,89
2020-09-05 09:12:25 -0400,84
2020-09-05 09:10:25 -0400,84.8619
2020-09-02 23:12:22 -0400,81
2020-09-02 23:03:42 -0400,74
2020-09-02 22:59:49 -0400,80
2020-09-02 22:53:57 -0400,80
2020-09-02 22:49:54 -0400,82
2020-09-02 22:44:28 -0400,82
2020-09-02 22:40:47 -0400,81
2020-09-02 22:34:36 -0400,81
2020-09-02 22:28:45 -0400,87
2020-09-02 22:24:46 -0400,82
2020-09-02 22:20:21 -0400,86
2020-09-02 22:13:52 -0400,91
2020-09-02 22:12:40 -0400,89
2020-09-02 22:06:14 -0400,108
2020-09-02 22:03:25 -0400,94
2020-09-02 22:01:05 -0400,92
2020-09-02 21:54:35 -0400,91
2020-09-02 21:48:13 -0400,83
2020-09-02 21:44:29 -0400,83
2020-09-02 21:41:17 -0400,83
2020-09-02 21:36:38 -0400,88
2020-09-02 21:32:50 -0400,87
2020-09-02 21:30:32 -0400,124
2020-09-02 21:25:22 -0400,66
2020-09-02 21:18:53 -0400,80
2020-09-02 21:15:04 -0400,83
2020-09-02 21:08:40 -0400,84
2020-09-02 21:07:31 -0400,76
2020-09-02 21:02:58 -0400,80
2020-09-02 20:57:43 -0400,75
2020-09-02 20:48:14 -0400,79
2020-09-02 20:43:25 -0400,87
2020-09-02 20:40:19 -0400,81
2020-09-02 20:36:27 -0400,81
2020-09-02 20:31:28 -0400,84
2020-09-02 20:24:33 -0400,77
2020-09-02 20:20:38 -0400,84
2020-09-02 20:14:33 -0400,74
2020-09-02 20:08:38 -0400,72
2020-09-02 20:05:22 -0400,73
2020-09-02 20:02:24 -0400,74
2020-09-02 19:53:50 -0400,78
2020-09-02 19:52:47 -0400,75
2020-09-02 19:45:42 -0400,75
2020-09-02 19:42:58 -0400,85
2020-09-02 19:34:40 -0400,79
2020-09-02 19:32:40 -0400,77
2020-09-02 19:28:14 -0400,122
2020-09-02 19:24:48 -0400,76
2020-09-02 19:23:35 -0400,102
2020-09-02 19:19:07 -0400,76
2020-09-02 19:14:18 -0400,91
2020-09-02 19:13:50 -0400,80
2020-09-02 19:04:39 -0400,89
2020-09-02 19:02:19 -0400,96
2020-09-02 18:58:11 -0400,86
2020-09-02 18:56:09 -0400,92
2020-09-02 18:50:43 -0400,73
2020-09-02 18:45:19 -0400,86
2020-09-02 18:38:24 -0400,82
2020-09-02 18:33:42 -0400,86
2020-09-02 18:29:00 -0400,87
2020-09-02 18:27:38 -0400,81
2020-09-02 18:21:45 -0400,76
2020-09-02 18:15:35 -0400,78
2020-09-02 18:10:54 -0400,76
2020-09-02 18:05:21 -0400,76
2020-09-02 18:01:19 -0400,79
2020-09-02 17:57:34 -0400,78
2020-09-02 17:49:12 -0400,78
2020-09-02 17:44:11 -0400,58
2020-09-02 17:38:44 -0400,79
2020-09-02 17:37:36 -0400,76
2020-09-02 17:25:58 -0400,77
2020-09-02 17:18:15 -0400,84
2020-09-02 17:13:37 -0400,89
2020-09-02 17:08:54 -0400,79
2020-09-02 17:05:40 -0400,83
2020-09-02 17:02:55 -0400,86
2020-09-02 16:56:15 -0400,84
2020-09-02 16:51:45 -0400,80
2020-09-02 16:45:26 -0400,77
2020-09-02 16:34:23 -0400,82
2020-09-02 16:29:02 -0400,76
2020-09-02 16:26:26 -0400,84
2020-09-02 16:21:20 -0400,78
2020-09-02 16:14:27 -0400,80
2020-09-02 16:08:45 -0400,78
2020-09-02 16:04:36 -0400,81
2020-09-02 15:58:59 -0400,89
2020-09-02 15:53:52 -0400,91
2020-09-02 15:52:07 -0400,90
2020-09-02 15:43:56 -0400,87
2020-09-02 15:42:02 -0400,90
2020-09-02 15:37:32 -0400,95
2020-09-02 15:31:44 -0400,101
2020-09-02 15:31:03 -0400,115
2020-09-02 15:27:44 -0400,101
2020-09-02 15:26:32 -0400,109
2020-09-02 15:21:08 -0400,91
2020-09-02 15:14:26 -0400,87
2020-09-02 15:10:28 -0400,87
2020-09-02 15:06:23 -0400,87
2020-09-02 14:59:11 -0400,91
2020-09-02 14:56:51 -0400,92
2020-09-02 14:48:44 -0400,91
2020-09-02 14:47:07 -0400,91
2020-09-02 14:35:24 -0400,86
2020-09-02 14:28:51 -0400,99
2020-09-02 14:26:37 -0400,99
2020-09-02 14:21:01 -0400,95
2020-09-02 14:17:49 -0400,91
2020-09-02 14:10:38 -0400,82
2020-09-02 14:03:16 -0400,88
2020-09-02 14:01:10 -0400,93
2020-09-02 13:57:52 -0400,87
2020-09-02 13:48:54 -0400,78
2020-09-02 13:47:31 -0400,83
2020-09-02 13:39:50 -0400,81
2020-09-02 13:37:26 -0400,83
2020-09-02 13:30:03 -0400,76
2020-09-02 13:25:03 -0400,91
2020-09-02 13:18:38 -0400,77
2020-09-02 13:14:02 -0400,80
2020-09-02 13:12:51 -0400,81
2020-09-02 13:03:27 -0400,83
2020-09-02 13:00:37 -0400,85
2020-09-02 12:57:39 -0400,83
2020-09-02 12:52:11 -0400,84
2020-09-02 12:43:31 -0400,80
2020-09-02 12:41:06 -0400,79
2020-09-02 12:36:29 -0400,84
2020-09-02 12:30:17 -0400,81
2020-09-02 12:24:51 -0400,78
2020-09-02 12:18:22 -0400,79
2020-09-02 12:13:37 -0400,81
2020-09-02 12:10:30 -0400,84
2020-09-02 12:06:33 -0400,76
2020-09-02 11:59:11 -0400,77
2020-09-02 11:56:16 -0400,78
2020-09-02 11:52:29 -0400,74
2020-09-02 11:44:03 -0400,76
2020-09-02 11:40:17 -0400,77
2020-09-02 11:35:40 -0400,75
2020-09-02 11:30:48 -0400,82
2020-09-02 11:23:38 -0400,74
2020-09-02 11:19:19 -0400,80
2020-09-02 11:15:00 -0400,88
2020-09-02 11:09:59 -0400,75
2020-09-02 11:04:44 -0400,78
2020-09-02 11:00:01 -0400,81
2020-09-02 10:56:33 -0400,79
2020-09-02 10:51:36 -0400,80
2020-09-02 10:45:04 -0400,79
2020-09-02 10:41:54 -0400,80
2020-09-02 10:34:01 -0400,90
2020-09-02 10:30:16 -0400,78
2020-09-02 10:27:16 -0400,81
2020-09-02 10:19:31 -0400,78
2020-09-02 10:16:17 -0400,76
2020-09-02 10:10:10 -0400,80
2020-09-02 10:03:24 -0400,80
2020-09-02 09:59:35 -0400,72
2020-09-02 09:53:44 -0400,75
2020-09-02 09:51:14 -0400,79
2020-09-02 09:47:23 -0400,74
2020-09-02 09:41:48 -0400,82
2020-09-02 09:35:33 -0400,77
2020-09-02 09:28:16 -0400,75
2020-09-02 09:23:43 -0400,78
2020-09-02 09:18:18 -0400,73
2020-09-02 09:13:20 -0400,72
2020-09-02 09:11:33 -0400,78
2020-09-02 09:04:42 -0400,85
2020-09-02 08:58:03 -0400,71
2020-09-02 08:56:58 -0400,74
2020-09-02 08:48:18 -0400,65
2020-09-02 08:43:28 -0400,64
2020-09-02 08:41:28 -0400,63
2020-09-02 08:37:28 -0400,65
2020-09-02 08:29:23 -0400,62
2020-09-02 08:23:43 -0400,60
2020-09-02 08:18:13 -0400,61
2020-09-02 08:15:48 -0400,60
2020-09-02 08:09:53 -0400,60
2020-09-02 08:07:40 -0400,60.9524
2020-09-02 08:03:50 -0400,60
2020-09-02 08:01:30 -0400,59
2020-09-02 07:57:05 -0400,62
2020-09-02 07:49:25 -0400,67
2020-09-02 07:44:30 -0400,67
2020-09-02 07:38:33 -0400,66
2020-09-02 07:36:18 -0400,66
2020-09-02 07:28:18 -0400,68
2020-09-02 07:23:00 -0400,70
2020-09-02 07:20:10 -0400,63
2020-09-02 07:13:10 -0400,59
2020-09-02 07:08:05 -0400,62
2020-09-02 07:03:10 -0400,62
2020-09-02 06:58:00 -0400,62
2020-09-02 06:53:05 -0400,62
2020-09-02 06:49:26 -0400,60
2020-09-02 06:43:45 -0400,62
2020-09-02 06:39:25 -0400,59
2020-09-02 06:33:00 -0400,62
2020-09-02 06:28:20 -0400,63
2020-09-02 06:24:10 -0400,64
2020-09-02 06:18:50 -0400,70
2020-09-02 06:14:08 -0400,72
2020-09-02 06:12:10 -0400,67
2020-09-02 06:04:06 -0400,68
2020-09-02 06:02:55 -0400,73
2020-09-02 05:53:26 -0400,64
2020-09-02 05:49:20 -0400,65
2020-09-02 05:43:05 -0400,64
2020-09-02 05:38:05 -0400,62
2020-09-02 05:34:51 -0400,64
2020-09-02 05:28:16 -0400,62
2020-09-02 05:24:36 -0400,62
2020-09-02 05:21:46 -0400,62
2020-09-02 05:15:32 -0400,57
2020-09-02 05:08:48 -0400,62
2020-09-02 05:03:30 -0400,63
2020-09-02 04:58:05 -0400,63
2020-09-02 04:54:05 -0400,63
2020-09-02 04:49:52 -0400,64
2020-09-02 04:43:20 -0400,63
2020-09-02 04:38:20 -0400,63
2020-09-02 04:33:05 -0400,64
2020-09-02 04:28:30 -0400,64
2020-09-02 04:23:48 -0400,65.641
2020-09-02 04:23:28 -0400,64
2020-09-02 04:18:18 -0400,64
2020-09-02 04:15:28 -0400,63
2020-09-02 04:09:49 -0400,67
2020-09-02 04:04:45 -0400,68
2020-09-02 04:00:15 -0400,70
2020-09-02 03:53:45 -0400,64
2020-09-02 03:48:15 -0400,62
2020-09-02 03:43:35 -0400,62
2020-09-02 03:38:45 -0400,62
2020-09-02 03:34:05 -0400,60
2020-09-02 03:28:50 -0400,61
2020-09-02 03:23:45 -0400,60
2020-09-02 03:19:40 -0400,62
2020-09-02 03:16:20 -0400,61
2020-09-02 03:10:00 -0400,64
2020-09-02 03:06:20 -0400,61
2020-09-02 02:58:14 -0400,65
2020-09-02 02:55:00 -0400,60
2020-09-02 02:48:00 -0400,58
2020-09-02 02:44:05 -0400,58
2020-09-02 02:40:39 -0400,54
2020-09-02 02:33:06 -0400,56
2020-09-02 02:28:07 -0400,55
2020-09-02 02:24:25 -0400,56
2020-09-02 02:22:51 -0400,58
2020-09-02 02:18:08 -0400,61.9355
2020-09-02 02:13:18 -0400,61
2020-09-02 02:10:03 -0400,59
2020-09-02 02:03:29 -0400,78
2020-09-02 01:59:00 -0400,79
2020-09-02 01:57:58 -0400,72
2020-09-01 07:59:05 -0400,69
2020-09-01 07:55:30 -0400,66
2020-09-01 07:52:26 -0400,58
2020-09-01 07:44:34 -0400,63
2020-09-01 07:38:31 -0400,63
2020-09-01 07:34:50 -0400,61
2020-09-01 07:29:05 -0400,62
2020-09-01 07:24:50 -0400,60
2020-09-01 07:21:05 -0400,58
2020-09-01 07:13:23 -0400,59
2020-09-01 07:09:29 -0400,59
2020-09-01 07:05:25 -0400,56
2020-09-01 06:58:10 -0400,57
2020-09-01 06:54:40 -0400,56
2020-09-01 06:50:41 -0400,52
2020-09-01 06:43:55 -0400,55
2020-09-01 06:38:10 -0400,57
2020-09-01 06:36:12 -0400,56
2020-09-01 06:30:40 -0400,58
2020-09-01 06:24:09 -0400,57
2020-09-01 06:19:50 -0400,61
2020-09-01 06:13:08 -0400,60
2020-09-01 06:08:55 -0400,60
2020-09-01 06:03:56 -0400,61
2020-09-01 06:00:00 -0400,61
2020-09-01 05:54:10 -0400,61
2020-09-01 05:48:56 -0400,62
2020-09-01 05:43:35 -0400,59
2020-09-01 05:38:55 -0400,56
2020-09-01 05:33:23 -0400,54
2020-09-01 05:28:10 -0400,54
2020-09-01 05:23:05 -0400,53
2020-09-01 05:18:30 -0400,52
2020-09-01 05:16:15 -0400,53
2020-09-01 05:08:15 -0400,57
2020-09-01 05:03:46 -0400,56
2020-09-01 04:58:05 -0400,57
2020-09-01 04:54:25 -0400,56
2020-09-01 04:48:05 -0400,57
2020-09-01 04:44:00 -0400,57
2020-09-01 04:38:35 -0400,55
2020-09-01 04:35:25 -0400,55
2020-09-01 04:30:42 -0400,56
2020-09-01 04:23:16 -0400,58
2020-09-01 04:21:09 -0400,58
2020-09-01 04:14:05 -0400,60
2020-09-01 04:09:20 -0400,62
2020-09-01 04:08:03 -0400,63.7344
2020-09-01 04:05:28 -0400,59
2020-09-01 03:59:33 -0400,62
2020-09-01 03:53:59 -0400,54
2020-09-01 03:48:58 -0400,53
2020-09-01 03:46:45 -0400,53
2020-09-01 03:38:23 -0400,53
2020-09-01 03:35:58 -0400,53
2020-09-01 03:28:23 -0400,56
2020-09-01 03:24:50 -0400,54
2020-09-01 03:18:33 -0400,58
2020-09-01 03:15:08 -0400,56
2020-09-01 03:08:18 -0400,56
2020-09-01 03:03:08 -0400,56
2020-09-01 02:59:28 -0400,56
2020-09-01 02:53:53 -0400,55
2020-09-01 02:51:38 -0400,53
2020-09-01 02:43:53 -0400,62
2020-09-01 02:38:16 -0400,62
2020-09-01 02:34:43 -0400,58
2020-09-01 02:28:23 -0400,55
2020-09-01 02:23:38 -0400,57
2020-09-01 02:18:33 -0400,56
2020-09-01 02:14:53 -0400,53
2020-09-01 02:08:23 -0400,56
2020-09-01 02:03:58 -0400,56
2020-09-01 01:58:43 -0400,58
2020-09-01 01:53:28 -0400,57
2020-09-01 01:49:01 -0400,56
2020-09-01 01:44:03 -0400,60
2020-09-01 01:38:13 -0400,60
2020-09-01 01:34:58 -0400,56
2020-09-01 01:31:33 -0400,56
2020-09-01 01:23:18 -0400,61
2020-09-01 01:18:18 -0400,62
2020-09-01 01:13:43 -0400,62
2020-09-01 01:08:23 -0400,61
2020-09-01 01:03:03 -0400,61
2020-09-01 00:58:03 -0400,61
2020-09-01 00:53:23 -0400,65
2020-09-01 00:48:50 -0400,69.1892
2020-09-01 00:48:28 -0400,69
2020-09-01 00:47:17 -0400,66
2020-08-20 04:45:28 -0400,73
2020-08-20 04:37:33 -0400,72
2020-08-20 04:32:33 -0400,74
2020-08-20 04:27:33 -0400,74
2020-08-20 04:24:43 -0400,74
2020-08-20 04:18:03 -0400,72
2020-08-20 04:13:13 -0400,71
2020-08-20 04:09:58 -0400,72
2020-08-20 04:02:33 -0400,75
2020-08-20 03:57:38 -0400,75
2020-08-20 03:52:43 -0400,74
2020-08-20 03:47:43 -0400,74
2020-08-20 03:43:08 -0400,74
2020-08-20 03:37:33 -0400,75
2020-08-20 03:32:53 -0400,75
2020-08-20 03:27:48 -0400,75
2020-08-20 03:23:18 -0400,74
2020-08-20 03:17:33 -0400,74
2020-08-20 03:14:20 -0400,76
2020-08-20 03:07:38 -0400,81
2020-08-20 03:02:33 -0400,82
2020-08-20 02:57:48 -0400,82
2020-08-20 02:53:33 -0400,81
2020-08-20 02:47:53 -0400,79
2020-08-20 02:45:08 -0400,80
2020-08-20 02:38:18 -0400,83
2020-08-20 02:32:48 -0400,83
2020-08-20 02:30:51 -0400,84.3956
2020-08-20 02:27:36 -0400,85
2020-08-20 02:23:06 -0400,84
2020-08-20 02:18:06 -0400,83
2020-08-20 02:12:41 -0400,82
2020-08-20 02:07:36 -0400,83
2020-08-20 02:02:56 -0400,83
2020-08-20 01:57:41 -0400,82
2020-08-20 01:52:56 -0400,81
2020-08-20 01:48:41 -0400,83
2020-08-20 01:42:41 -0400,86
2020-08-20 01:37:46 -0400,85
2020-08-20 01:34:02 -0400,84
2020-08-20 01:30:34 -0400,98
2020-08-20 01:27:25 -0400,102
2020-08-20 01:18:26 -0400,94
2020-08-20 01:15:30 -0400,99
2020-08-20 00:59:31 -0400,87
2020-08-20 00:53:21 -0400,87
2020-08-20 00:47:36 -0400,87
2020-08-20 00:43:21 -0400,90
2020-08-20 00:39:56 -0400,90
2020-08-20 00:35:11 -0400,87
2020-08-20 00:27:41 -0400,88
2020-08-20 00:25:54 -0400,92
2020-08-20 00:20:19 -0400,97
2020-08-20 00:17:18 -0400,98
2020-08-20 00:12:21 -0400,99
2020-08-20 00:07:32 -0400,99
2020-08-20 00:02:03 -0400,107
2020-08-19 23:56:13 -0400,108
2020-08-19 23:53:46 -0400,106
2020-08-19 23:52:03 -0400,97
2020-08-19 23:45:09 -0400,113
2020-08-19 23:42:31 -0400,95
2020-08-19 23:39:05 -0400,116
2020-08-19 23:33:55 -0400,89
2020-08-19 23:28:21 -0400,94
2020-08-19 23:25:42 -0400,92
2020-08-19 23:18:53 -0400,94
2020-08-19 23:17:19 -0400,96
2020-08-19 23:07:39 -0400,93
2020-08-19 23:03:26 -0400,94
2020-08-19 23:02:21 -0400,93
2020-08-19 22:56:26 -0400,94
2020-08-19 22:48:26 -0400,97
2020-08-19 22:44:02 -0400,98
2020-08-19 22:38:40 -0400,99
2020-08-19 22:32:56 -0400,99
2020-08-19 22:30:54 -0400,96
2020-08-19 22:29:54 -0400,96
2020-08-19 22:26:34 -0400,99
2020-08-19 22:20:01 -0400,99
2020-08-19 22:16:18 -0400,106
2020-08-19 22:08:58 -0400,109
2020-08-19 22:05:02 -0400,104
2020-08-19 22:01:26 -0400,106
2020-08-19 21:54:49 -0400,104
2020-08-19 21:50:10 -0400,99
2020-08-19 21:45:13 -0400,107
2020-08-19 21:42:01 -0400,107
2020-08-19 21:33:54 -0400,102
2020-08-19 21:32:10 -0400,102.4
2020-08-19 21:31:49 -0400,102
2020-08-19 21:25:05 -0400,100
2020-08-19 21:20:41 -0400,101
2020-08-19 21:14:00 -0400,103
2020-08-19 21:09:28 -0400,106
2020-08-19 21:04:31 -0400,100
2020-08-19 21:00:26 -0400,103
2020-08-19 20:55:00 -0400,102
2020-08-19 19:51:15 -0400,161
2020-08-19 19:51:06 -0400,158
2020-08-19 19:51:02 -0400,156
2020-08-19 19:50:57 -0400,154
2020-08-19 19:50:54 -0400,153
2020-08-19 19:50:47 -0400,155
2020-08-19 19:50:42 -0400,158
2020-08-19 19:50:39 -0400,159
2020-08-19 19:50:31 -0400,164
2020-08-19 19:50:27 -0400,165
2020-08-19 19:50:21 -0400,168
2020-08-19 19:50:16 -0400,168
2020-08-19 19:50:15 -0400,168
2020-08-19 19:50:07 -0400,172
2020-08-19 19:50:05 -0400,173
2020-08-19 19:49:56 -0400,179
2020-08-19 19:49:52 -0400,180
2020-08-19 19:49:49 -0400,182
2020-08-19 19:49:45 -0400,182
2020-08-19 19:49:40 -0400,185
2020-08-19 19:49:33 -0400,189
2020-08-19 19:49:29 -0400,192
2020-08-19 19:49:21 -0400,199
2020-08-19 19:49:18 -0400,202
2020-08-19 19:49:13 -0400,204
2020-08-19 19:49:07 -0400,209
2020-08-19 19:49:05 -0400,210
2020-08-19 19:49:00 -0400,210
2020-08-19 19:48:51 -0400,210
2020-08-19 19:48:48 -0400,210
2020-08-19 19:48:45 -0400,210
2020-08-19 19:48:36 -0400,206
2020-08-19 19:48:32 -0400,206
2020-08-19 19:48:30 -0400,205
2020-08-19 19:48:22 -0400,204
2020-08-19 19:48:19 -0400,204
2020-08-19 19:48:15 -0400,199
2020-08-19 19:48:06 -0400,193
2020-08-19 19:48:05 -0400,194
2020-08-19 19:48:00 -0400,190
2020-08-19 19:47:53 -0400,182
2020-08-19 19:47:50 -0400,182
2020-08-19 19:47:41 -0400,166
2020-08-19 19:47:36 -0400,163
2020-08-19 19:47:33 -0400,164
2020-08-19 19:47:30 -0400,163
2020-08-19 19:47:25 -0400,166
2020-08-19 19:47:16 -0400,172
2020-08-19 19:47:15 -0400,173
2020-08-19 19:47:06 -0400,179
2020-08-19 19:47:04 -0400,179
2020-08-19 19:47:00 -0400,180
2020-08-19 19:46:51 -0400,185
2020-08-19 19:46:48 -0400,186
2020-08-19 19:46:41 -0400,189
2020-08-19 19:46:36 -0400,192
2020-08-19 19:46:33 -0400,194
2020-08-19 19:46:26 -0400,198
2020-08-19 19:46:25 -0400,198
2020-08-19 19:46:19 -0400,198
2020-08-19 19:46:11 -0400,199
2020-08-19 19:46:06 -0400,200
2020-08-19 19:46:05 -0400,200
2020-08-19 19:45:58 -0400,199
2020-08-19 19:45:51 -0400,198
2020-08-19 19:45:47 -0400,197
2020-08-19 19:45:45 -0400,197
2020-08-19 19:45:38 -0400,195
2020-08-19 19:45:35 -0400,193
2020-08-19 19:45:27 -0400,191
2020-08-19 19:45:25 -0400,191
2020-08-19 19:45:16 -0400,187
2020-08-19 19:45:12 -0400,186
2020-08-19 19:45:06 -0400,188
2020-08-19 19:45:05 -0400,190
2020-08-19 19:44:56 -0400,195
2020-08-19 19:44:55 -0400,196
2020-08-19 19:44:46 -0400,198
2020-08-19 19:44:44 -0400,199
2020-08-19 19:44:40 -0400,200
2020-08-19 19:44:34 -0400,204
2020-08-19 19:44:30 -0400,204
2020-08-19 19:44:25 -0400,204
2020-08-19 19:44:20 -0400,201
2020-08-19 19:44:12 -0400,200
2020-08-19 19:44:10 -0400,199
2020-08-19 19:44:01 -0400,195
2020-08-19 19:43:56 -0400,192
2020-08-19 19:43:55 -0400,192
2020-08-19 19:43:48 -0400,191
2020-08-19 19:43:42 -0400,191
2020-08-19 19:43:39 -0400,192
2020-08-19 19:43:33 -0400,195
2020-08-19 19:43:26 -0400,199
2020-08-19 19:43:25 -0400,199
2020-08-19 19:43:20 -0400,199
2020-08-19 19:43:13 -0400,194
2020-08-19 19:43:07 -0400,190
2020-08-19 19:43:05 -0400,188
2020-08-19 19:43:00 -0400,187
2020-08-19 19:42:55 -0400,184
2020-08-19 19:42:46 -0400,175
2020-08-19 19:42:41 -0400,171
2020-08-19 19:42:36 -0400,166
2020-08-19 19:42:31 -0400,165
2020-08-19 19:42:30 -0400,165
2020-08-19 19:42:21 -0400,168
2020-08-19 19:42:18 -0400,169
2020-08-19 19:42:12 -0400,173
2020-08-19 19:42:10 -0400,173
2020-08-19 19:42:03 -0400,177
2020-08-19 19:41:56 -0400,182
2020-08-19 19:41:54 -0400,184
2020-08-19 19:41:50 -0400,186
2020-08-19 19:41:42 -0400,187
2020-08-19 19:41:36 -0400,189
2020-08-19 19:41:33 -0400,191
2020-08-19 19:41:28 -0400,193
2020-08-19 19:41:24 -0400,194
2020-08-19 19:41:20 -0400,196
2020-08-19 19:41:11 -0400,193
2020-08-19 19:41:10 -0400,193
2020-08-19 19:41:01 -0400,194
2020-08-19 19:40:59 -0400,193
2020-08-19 19:40:55 -0400,190
2020-08-19 19:40:48 -0400,188
2020-08-19 19:40:41 -0400,189
2020-08-19 19:40:40 -0400,188
2020-08-19 19:40:31 -0400,186
2020-08-19 19:40:30 -0400,185
2020-08-19 19:40:25 -0400,179
2020-08-19 19:40:17 -0400,171
2020-08-19 19:40:15 -0400,170
2020-08-19 19:40:06 -0400,168
2020-08-19 19:40:03 -0400,170
2020-08-19 19:40:00 -0400,171
2020-08-19 19:39:55 -0400,173
2020-08-19 19:39:48 -0400,177
2020-08-19 19:39:45 -0400,179
2020-08-19 19:39:36 -0400,184
2020-08-19 19:39:34 -0400,183
2020-08-19 19:39:26 -0400,187
2020-08-19 19:39:22 -0400,192
2020-08-19 19:39:16 -0400,193
2020-08-19 19:39:15 -0400,194
2020-08-19 19:39:10 -0400,193
2020-08-19 19:39:04 -0400,194
2020-08-19 19:39:00 -0400,192
2020-08-19 19:38:55 -0400,188
2020-08-19 19:38:46 -0400,183
2020-08-19 19:38:45 -0400,182
2020-08-19 19:38:40 -0400,180
2020-08-19 19:38:32 -0400,178
2020-08-19 19:38:26 -0400,172
2020-08-19 19:38:21 -0400,168
2020-08-19 19:38:16 -0400,167
2020-08-19 19:38:12 -0400,169
2020-08-19 19:38:08 -0400,171
2020-08-19 19:38:03 -0400,173
2020-08-19 19:38:00 -0400,173
2020-08-19 19:37:51 -0400,181
2020-08-19 19:37:49 -0400,181
2020-08-19 19:37:45 -0400,182
2020-08-19 19:37:38 -0400,185
2020-08-19 19:37:35 -0400,185
2020-08-19 19:37:29 -0400,188
2020-08-19 19:37:25 -0400,190
2020-08-19 19:37:16 -0400,186
2020-08-19 19:37:15 -0400,186
2020-08-19 19:37:08 -0400,183
2020-08-19 19:37:01 -0400,180
2020-08-19 19:36:58 -0400,181
2020-08-19 19:36:53 -0400,180
2020-08-19 19:36:50 -0400,178
2020-08-19 19:36:43 -0400,176
2020-08-19 19:36:36 -0400,171
2020-08-19 19:36:31 -0400,168
2020-08-19 19:36:30 -0400,167
2020-08-19 19:36:25 -0400,166
2020-08-19 19:36:16 -0400,153
2020-08-19 19:36:11 -0400,153
2020-08-19 19:36:06 -0400,154
2020-08-19 19:36:04 -0400,155
2020-08-19 19:36:00 -0400,156
2020-08-19 19:35:52 -0400,164
2020-08-19 19:35:50 -0400,165
2020-08-19 19:35:41 -0400,169
2020-08-19 19:35:40 -0400,168
2020-08-19 19:35:31 -0400,176
2020-08-19 19:35:27 -0400,177
2020-08-19 19:35:25 -0400,178
2020-08-19 19:35:16 -0400,183
2020-08-19 19:35:13 -0400,182
2020-08-19 19:35:10 -0400,183
2020-08-19 19:35:05 -0400,181
2020-08-19 19:34:59 -0400,180
2020-08-19 19:34:53 -0400,177
2020-08-19 19:34:50 -0400,176
2020-08-19 19:34:45 -0400,177
2020-08-19 19:34:37 -0400,174
2020-08-19 19:34:31 -0400,168
2020-08-19 19:34:26 -0400,166
2020-08-19 19:34:21 -0400,155
2020-08-19 19:34:16 -0400,149
2020-08-19 19:34:11 -0400,150
2020-08-19 19:34:06 -0400,151
2020-08-19 19:34:05 -0400,151
2020-08-19 19:34:00 -0400,151
2020-08-19 19:33:54 -0400,153
2020-08-19 19:33:47 -0400,156
2020-08-19 19:33:42 -0400,156
2020-08-19 19:33:40 -0400,157
2020-08-19 19:33:35 -0400,160
2020-08-19 19:33:26 -0400,163
2020-08-19 19:33:22 -0400,165
2020-08-19 19:33:17 -0400,167
2020-08-19 19:33:14 -0400,168
2020-08-19 19:33:10 -0400,171
2020-08-19 19:33:05 -0400,175
2020-08-19 19:32:56 -0400,182
2020-08-19 19:32:55 -0400,181
2020-08-19 19:32:46 -0400,188
2020-08-19 19:32:41 -0400,190
2020-08-19 19:32:38 -0400,191
2020-08-19 19:32:31 -0400,194
2020-08-19 19:32:26 -0400,194
2020-08-19 19:32:25 -0400,194
2020-08-19 19:32:16 -0400,194
2020-08-19 19:32:11 -0400,192
2020-08-19 19:32:09 -0400,191
2020-08-19 19:32:05 -0400,193
2020-08-19 19:31:57 -0400,191
2020-08-19 19:31:52 -0400,191
2020-08-19 19:31:47 -0400,190
2020-08-19 19:31:45 -0400,189
2020-08-19 19:31:40 -0400,188
2020-08-19 19:31:34 -0400,187
2020-08-19 19:31:30 -0400,186
2020-08-19 19:31:25 -0400,186
2020-08-19 19:31:16 -0400,183
2020-08-19 19:31:14 -0400,181
2020-08-19 19:31:10 -0400,176
2020-08-19 19:31:01 -0400,170
2020-08-19 19:30:56 -0400,170
2020-08-19 19:30:52 -0400,172
2020-08-19 19:30:50 -0400,173
2020-08-19 19:30:42 -0400,177
2020-08-19 19:30:36 -0400,180
2020-08-19 19:30:31 -0400,181
2020-08-19 19:30:29 -0400,183
2020-08-19 19:30:25 -0400,185
2020-08-19 19:30:16 -0400,189
2020-08-19 19:30:15 -0400,189
2020-08-19 19:30:06 -0400,194
2020-08-19 19:30:05 -0400,194
2020-08-19 19:30:00 -0400,193
2020-08-19 19:29:55 -0400,192
2020-08-19 19:29:47 -0400,190
2020-08-19 19:29:45 -0400,189
2020-08-19 19:29:36 -0400,190
2020-08-19 19:29:31 -0400,189
2020-08-19 19:29:26 -0400,188
2020-08-19 19:29:22 -0400,188
2020-08-19 19:29:19 -0400,189
2020-08-19 19:29:15 -0400,189
2020-08-19 19:29:06 -0400,188
2020-08-19 19:29:02 -0400,187
2020-08-19 19:28:56 -0400,187
2020-08-19 19:28:51 -0400,187
2020-08-19 19:28:50 -0400,187
2020-08-19 19:28:44 -0400,187
2020-08-19 19:28:36 -0400,188
2020-08-19 19:28:31 -0400,188
2020-08-19 19:28:30 -0400,189
2020-08-19 19:28:24 -0400,189
2020-08-19 19:28:20 -0400,190
2020-08-19 19:28:15 -0400,192
2020-08-19 19:28:09 -0400,194
2020-08-19 19:28:01 -0400,192
2020-08-19 19:27:58 -0400,191
2020-08-19 19:27:51 -0400,190
2020-08-19 19:27:49 -0400,190
2020-08-19 19:27:45 -0400,188
2020-08-19 19:27:36 -0400,188
2020-08-19 19:27:34 -0400,187
2020-08-19 19:27:26 -0400,188
2020-08-19 19:27:25 -0400,188
2020-08-19 19:27:18 -0400,186
2020-08-19 19:27:12 -0400,185
2020-08-19 19:27:09 -0400,185
2020-08-19 19:27:05 -0400,184
2020-08-19 19:26:56 -0400,181
2020-08-19 19:26:55 -0400,180
2020-08-19 19:26:46 -0400,175
2020-08-19 19:26:44 -0400,175
2020-08-19 19:26:40 -0400,175
2020-08-19 19:26:33 -0400,175
2020-08-19 19:26:28 -0400,170
2020-08-19 19:26:23 -0400,167
2020-08-19 19:26:18 -0400,160
2020-08-19 19:26:11 -0400,147
2020-08-19 19:26:07 -0400,146
2020-08-19 19:26:04 -0400,146
2020-08-19 19:25:58 -0400,147
2020-08-19 19:25:54 -0400,148
2020-08-19 19:25:50 -0400,148
2020-08-19 19:25:41 -0400,150
2020-08-19 19:25:39 -0400,151
2020-08-19 19:25:33 -0400,153
2020-08-19 19:25:30 -0400,155
2020-08-19 19:25:22 -0400,162
2020-08-19 19:25:20 -0400,164
2020-08-19 19:25:11 -0400,166
2020-08-19 19:25:09 -0400,165
2020-08-19 19:25:01 -0400,170
2020-08-19 19:24:57 -0400,175
2020-08-19 19:24:51 -0400,179
2020-08-19 19:24:49 -0400,181
2020-08-19 19:24:45 -0400,181
2020-08-19 19:24:38 -0400,186
2020-08-19 19:24:35 -0400,188
2020-08-19 19:24:27 -0400,192
2020-08-19 19:24:21 -0400,192
2020-08-19 19:24:18 -0400,193
2020-08-19 19:24:15 -0400,194
2020-08-19 19:24:10 -0400,194
2020-08-19 19:24:01 -0400,195
2020-08-19 19:23:59 -0400,195
2020-08-19 19:23:53 -0400,195
2020-08-19 19:23:47 -0400,196
2020-08-19 19:23:45 -0400,196
2020-08-19 19:23:36 -0400,194
2020-08-19 19:23:33 -0400,196
2020-08-19 19:23:30 -0400,196
2020-08-19 19:23:21 -0400,197
2020-08-19 19:23:17 -0400,195
2020-08-19 19:23:12 -0400,193
2020-08-19 19:23:08 -0400,192
2020-08-19 19:23:04 -0400,192
2020-08-19 19:22:57 -0400,192
2020-08-19 19:22:55 -0400,192
2020-08-19 19:22:48 -0400,189
2020-08-19 19:22:42 -0400,191
2020-08-19 19:22:39 -0400,190
2020-08-19 19:22:34 -0400,190
2020-08-19 19:22:30 -0400,190
2020-08-19 19:22:22 -0400,193
2020-08-19 19:22:16 -0400,193
2020-08-19 19:22:15 -0400,194
2020-08-19 19:22:09 -0400,194
2020-08-19 19:22:01 -0400,192
2020-08-19 19:22:00 -0400,192
2020-08-19 19:21:54 -0400,193
2020-08-19 19:21:47 -0400,190
2020-08-19 19:21:45 -0400,189
2020-08-19 19:21:37 -0400,187
2020-08-19 19:21:31 -0400,186
2020-08-19 19:21:26 -0400,187
2020-08-19 19:21:21 -0400,187
2020-08-19 19:21:17 -0400,187
2020-08-19 19:21:11 -0400,186
2020-08-19 19:21:08 -0400,186
2020-08-19 19:21:05 -0400,186
2020-08-19 19:20:57 -0400,185
2020-08-19 19:20:55 -0400,186
2020-08-19 19:20:47 -0400,184
2020-08-19 19:20:42 -0400,183
2020-08-19 19:20:40 -0400,182
2020-08-19 19:20:34 -0400,180
2020-08-19 19:20:29 -0400,179
2020-08-19 19:20:24 -0400,181
2020-08-19 19:20:16 -0400,178
2020-08-19 19:20:13 -0400,177
2020-08-19 19:20:10 -0400,177
2020-08-19 19:20:05 -0400,176
2020-08-19 19:20:00 -0400,176
2020-08-19 19:19:52 -0400,170
2020-08-19 19:19:46 -0400,169
2020-08-19 19:19:45 -0400,168
2020-08-19 19:19:36 -0400,164
2020-08-19 19:19:31 -0400,168
2020-08-19 19:19:30 -0400,169
2020-08-19 19:19:25 -0400,170
2020-08-19 19:19:18 -0400,174
2020-08-19 19:19:15 -0400,176
2020-08-19 19:19:08 -0400,180
2020-08-19 19:19:03 -0400,182
2020-08-19 19:18:59 -0400,185
2020-08-19 19:18:52 -0400,189
2020-08-19 19:18:48 -0400,192
2020-08-19 19:18:45 -0400,194
2020-08-19 19:18:36 -0400,195
2020-08-19 19:18:34 -0400,194
2020-08-19 19:18:26 -0400,192
2020-08-19 19:18:23 -0400,192
2020-08-19 19:18:18 -0400,191
2020-08-19 19:18:15 -0400,191
2020-08-19 19:18:10 -0400,192
2020-08-19 19:18:04 -0400,191
2020-08-19 19:17:56 -0400,192
2020-08-19 19:17:55 -0400,192
2020-08-19 19:17:47 -0400,192
2020-08-19 19:17:45 -0400,192
2020-08-19 19:17:36 -0400,191
2020-08-19 19:17:33 -0400,192
2020-08-19 19:17:26 -0400,191
2020-08-19 19:17:25 -0400,191
2020-08-19 19:17:16 -0400,192
2020-08-19 19:17:15 -0400,192
2020-08-19 19:17:09 -0400,193
2020-08-19 19:17:05 -0400,193
2020-08-19 19:17:00 -0400,193
2020-08-19 19:16:53 -0400,192
2020-08-19 19:16:50 -0400,193
2020-08-19 19:16:41 -0400,193
2020-08-19 19:16:40 -0400,194
2020-08-19 19:16:35 -0400,194
2020-08-19 19:16:28 -0400,195
2020-08-19 19:16:25 -0400,194
2020-08-19 19:16:17 -0400,195
2020-08-19 19:16:11 -0400,195
2020-08-19 19:16:06 -0400,194
2020-08-19 19:16:01 -0400,194
2020-08-19 19:16:00 -0400,193
2020-08-19 19:15:51 -0400,191
2020-08-19 19:15:46 -0400,191
2020-08-19 19:15:44 -0400,191
2020-08-19 19:15:38 -0400,192
2020-08-19 19:15:33 -0400,192
2020-08-19 19:15:28 -0400,192
2020-08-19 19:15:23 -0400,192
2020-08-19 19:15:20 -0400,191
2020-08-19 19:15:12 -0400,191
2020-08-19 19:15:08 -0400,192
2020-08-19 19:15:03 -0400,192
2020-08-19 19:14:59 -0400,192
2020-08-19 19:14:55 -0400,191
2020-08-19 19:14:47 -0400,190
2020-08-19 19:14:44 -0400,190
2020-08-19 19:14:37 -0400,190
2020-08-19 19:14:35 -0400,189
2020-08-19 19:14:26 -0400,188
2020-08-19 19:14:21 -0400,188
2020-08-19 19:14:19 -0400,188
2020-08-19 19:14:11 -0400,188
2020-08-19 19:14:10 -0400,188
2020-08-19 19:14:04 -0400,187
2020-08-19 19:13:59 -0400,189
2020-08-19 19:13:54 -0400,188
2020-08-19 19:13:49 -0400,188
2020-08-19 19:13:41 -0400,188
2020-08-19 19:13:40 -0400,188
2020-08-19 19:13:31 -0400,187
2020-08-19 19:13:29 -0400,188
2020-08-19 19:13:25 -0400,188
2020-08-19 19:13:16 -0400,188
2020-08-19 19:13:11 -0400,187
2020-08-19 19:13:06 -0400,186
2020-08-19 19:13:05 -0400,186
2020-08-19 19:13:00 -0400,185
2020-08-19 19:12:54 -0400,185
2020-08-19 19:12:46 -0400,184
2020-08-19 19:12:45 -0400,184
2020-08-19 19:12:36 -0400,183
2020-08-19 19:12:32 -0400,184
2020-08-19 19:12:29 -0400,185
2020-08-19 19:12:22 -0400,187
2020-08-19 19:12:19 -0400,186
2020-08-19 19:12:11 -0400,187
2020-08-19 19:12:07 -0400,187
2020-08-19 19:12:04 -0400,187
2020-08-19 19:12:00 -0400,186
2020-08-19 19:11:55 -0400,185
2020-08-19 19:11:46 -0400,186
2020-08-19 19:11:44 -0400,187
2020-08-19 19:11:39 -0400,187
2020-08-19 19:11:35 -0400,187
2020-08-19 19:11:27 -0400,188
2020-08-19 19:11:22 -0400,186
2020-08-19 19:11:16 -0400,185
2020-08-19 19:11:15 -0400,186
2020-08-19 19:11:06 -0400,185
2020-08-19 19:11:05 -0400,185
2020-08-19 19:10:56 -0400,185
2020-08-19 19:10:52 -0400,185
2020-08-19 19:10:46 -0400,185
2020-08-19 19:10:45 -0400,184
2020-08-19 19:10:40 -0400,184
2020-08-19 19:10:31 -0400,185
2020-08-19 19:10:29 -0400,185
2020-08-19 19:10:25 -0400,183
2020-08-19 19:10:17 -0400,183
2020-08-19 19:10:15 -0400,182
2020-08-19 19:10:07 -0400,180
2020-08-19 19:10:05 -0400,181
2020-08-19 19:09:57 -0400,180
2020-08-19 19:09:52 -0400,179
2020-08-19 19:09:49 -0400,179
2020-08-19 19:09:43 -0400,180
2020-08-19 19:09:39 -0400,180
2020-08-19 19:09:34 -0400,180
2020-08-19 19:09:29 -0400,179
2020-08-19 19:09:25 -0400,180
2020-08-19 19:09:16 -0400,179
2020-08-19 19:09:15 -0400,179
2020-08-19 19:09:08 -0400,179
2020-08-19 19:09:01 -0400,179
2020-08-19 19:09:00 -0400,180
2020-08-19 19:08:55 -0400,180
2020-08-19 19:08:46 -0400,182
2020-08-19 19:08:41 -0400,181
2020-08-19 19:08:40 -0400,181
2020-08-19 19:08:31 -0400,182
2020-08-19 19:08:27 -0400,182
2020-08-19 19:08:21 -0400,181
2020-08-19 19:08:20 -0400,180
2020-08-19 19:08:13 -0400,180
2020-08-19 19:08:06 -0400,180
2020-08-19 19:08:05 -0400,180
2020-08-19 19:07:59 -0400,179
2020-08-19 19:07:53 -0400,178
2020-08-19 19:07:50 -0400,178
2020-08-19 19:07:41 -0400,178
2020-08-19 19:07:40 -0400,177
2020-08-19 19:07:32 -0400,181
2020-08-19 19:07:29 -0400,181
2020-08-19 19:07:23 -0400,179
2020-08-19 19:07:20 -0400,180
2020-08-19 19:07:15 -0400,180
2020-08-19 19:07:09 -0400,180
2020-08-19 19:07:02 -0400,181
2020-08-19 19:06:56 -0400,182
2020-08-19 19:06:51 -0400,181
2020-08-19 19:06:50 -0400,182
2020-08-19 19:06:44 -0400,182
2020-08-19 19:06:36 -0400,183
2020-08-19 19:06:31 -0400,182
2020-08-19 19:06:30 -0400,182
2020-08-19 19:06:22 -0400,181
2020-08-19 19:06:20 -0400,181
2020-08-19 19:06:15 -0400,181
2020-08-19 19:06:10 -0400,180
2020-08-19 18:59:25 -0400,74
2020-08-19 18:57:20 -0400,84
2020-08-19 18:52:26 -0400,85
2020-08-19 13:50:01 -0400,98
2020-08-19 13:42:55 -0400,97
2020-08-19 13:41:10 -0400,99
2020-08-19 13:33:19 -0400,98
2020-08-19 13:29:23 -0400,97
2020-08-19 13:23:53 -0400,79
2020-08-19 13:17:54 -0400,96
2020-08-19 13:16:44 -0400,94
2020-08-19 13:10:08 -0400,89
2020-08-19 13:06:30 -0400,86
2020-08-19 12:59:29 -0400,88
2020-08-19 12:54:49 -0400,83
2020-08-19 12:51:07 -0400,82
2020-08-19 12:44:37 -0400,82
2020-08-19 12:36:38 -0400,85
2020-08-19 12:28:20 -0400,80
2020-08-19 12:27:17 -0400,78.3673
2020-08-19 12:26:39 -0400,80
2020-08-19 12:17:52 -0400,79
2020-08-19 12:13:40 -0400,81
2020-08-19 12:09:39 -0400,74
2020-08-19 12:07:16 -0400,79
2020-08-19 12:02:05 -0400,69
2020-08-19 11:52:51 -0400,78
2020-08-19 11:51:21 -0400,76
2020-08-19 11:47:15 -0400,79
2020-08-19 11:38:07 -0400,79
2020-08-19 11:35:33 -0400,83
2020-08-19 11:31:17 -0400,78
2020-08-19 11:25:31 -0400,74
2020-08-19 11:20:59 -0400,82
2020-08-19 11:16:10 -0400,76
2020-08-19 11:08:11 -0400,78
2020-08-19 11:06:54 -0400,75
2020-08-19 10:59:51 -0400,78
2020-08-19 10:57:15 -0400,79
2020-08-19 10:48:56 -0400,75
2020-08-19 10:44:35 -0400,79
2020-08-19 10:41:10 -0400,75
2020-08-19 10:34:36 -0400,74
2020-08-19 10:30:31 -0400,77
2020-08-19 10:26:03 -0400,74
2020-08-19 10:21:11 -0400,74
2020-08-19 10:14:33 -0400,76
2020-08-19 10:11:29 -0400,74
2020-08-19 10:05:10 -0400,80
2020-08-19 10:01:24 -0400,76
2020-08-19 09:57:22 -0400,80
2020-08-19 09:51:48 -0400,79
2020-08-19 09:43:52 -0400,79
2020-08-19 09:40:57 -0400,81
2020-08-19 09:32:58 -0400,81
2020-08-19 09:28:56 -0400,82
2020-08-19 09:26:01 -0400,79
2020-08-19 09:19:01 -0400,75
2020-08-19 09:17:16 -0400,79
2020-08-19 09:10:00 -0400,82
2020-08-19 09:03:16 -0400,82
2020-08-19 08:58:45 -0400,83
2020-08-19 08:57:01 -0400,81
2020-08-19 08:51:26 -0400,81
2020-08-19 08:47:27 -0400,69
2020-08-19 08:41:41 -0400,66
2020-08-19 08:33:06 -0400,65
2020-08-19 08:27:41 -0400,63
2020-08-19 08:22:51 -0400,64
2020-08-19 08:21:46 -0400,63
2020-08-19 08:12:36 -0400,66
2020-08-19 08:09:36 -0400,66
2020-08-19 08:02:36 -0400,65
2020-08-19 07:57:51 -0400,66
2020-08-19 07:54:21 -0400,67
2020-08-19 07:50:37 -0400,64
2020-08-19 07:43:22 -0400,64
2020-08-19 07:40:41 -0400,61
2020-08-19 07:32:36 -0400,66
2020-08-19 07:27:41 -0400,65
2020-08-19 07:23:56 -0400,67
2020-08-19 07:19:01 -0400,63
2020-08-19 07:13:16 -0400,61
2020-08-19 07:08:06 -0400,62
2020-08-19 07:02:41 -0400,61
2020-08-19 06:59:46 -0400,61
2020-08-19 06:53:35 -0400,64
2020-08-19 06:48:56 -0400,64
2020-08-19 06:43:16 -0400,65
2020-08-19 06:37:36 -0400,66
2020-08-19 06:33:26 -0400,65
2020-08-19 06:30:54 -0400,65.0847
2020-08-19 06:28:14 -0400,64
2020-08-19 06:23:44 -0400,64
2020-08-19 06:20:03 -0400,60
2020-08-19 06:12:39 -0400,67
2020-08-19 06:08:14 -0400,65
2020-08-19 06:02:49 -0400,64
2020-08-19 05:57:34 -0400,68
2020-08-19 05:53:09 -0400,68
2020-08-19 05:48:34 -0400,66
2020-08-19 05:42:59 -0400,67
2020-08-19 05:37:34 -0400,64
2020-08-19 05:32:54 -0400,63
2020-08-19 05:28:09 -0400,63
2020-08-19 05:25:16 -0400,61
2020-08-19 05:18:08 -0400,63
2020-08-19 05:13:50 -0400,62
2020-08-19 05:07:39 -0400,63
2020-08-19 05:02:54 -0400,63
2020-08-19 04:57:49 -0400,64
2020-08-19 04:52:39 -0400,64
2020-08-19 04:47:33 -0400,64
2020-08-19 04:42:48 -0400,62
2020-08-19 04:37:43 -0400,62
2020-08-19 04:32:33 -0400,63
2020-08-19 04:30:48 -0400,63
2020-08-19 04:22:43 -0400,64
2020-08-19 04:17:48 -0400,66
2020-08-19 04:12:38 -0400,65
2020-08-19 04:08:33 -0400,62
2020-08-19 04:02:33 -0400,59
2020-08-19 03:57:58 -0400,60
2020-08-19 03:52:33 -0400,60
2020-08-19 03:47:56 -0400,60
2020-08-19 03:43:45 -0400,60
2020-08-19 03:38:43 -0400,63
2020-08-19 03:33:08 -0400,63
2020-08-19 03:27:38 -0400,63
2020-08-19 03:22:43 -0400,65
2020-08-19 03:17:48 -0400,66
2020-08-19 03:14:18 -0400,65
2020-08-19 03:07:48 -0400,69
2020-08-19 03:02:33 -0400,69
2020-08-19 02:58:08 -0400,71
2020-08-19 02:53:48 -0400,71
2020-08-19 02:48:08 -0400,73
2020-08-19 02:42:38 -0400,73
2020-08-19 02:37:43 -0400,70
2020-08-19 02:32:33 -0400,68
2020-08-19 02:30:52 -0400,68.8789
2020-08-19 02:27:41 -0400,69
2020-08-19 02:22:36 -0400,70
2020-08-19 02:18:01 -0400,69
2020-08-19 02:12:36 -0400,69
2020-08-19 02:08:11 -0400,69
2020-08-19 02:02:36 -0400,67
2020-08-19 02:00:41 -0400,68
2020-08-19 01:52:55 -0400,70
2020-08-19 01:48:23 -0400,74
2020-08-19 01:43:21 -0400,77
2020-08-19 01:37:59 -0400,74.2029
2020-08-19 01:37:54 -0400,76
2020-08-19 01:35:50 -0400,77.5758
2020-08-19 01:35:15 -0400,78
2020-08-18 19:00:37 -0400,91
2020-08-18 18:55:32 -0400,94
2020-08-18 18:41:57 -0400,85
2020-08-18 18:38:26 -0400,82
2020-08-18 18:35:35 -0400,89
2020-08-18 18:26:55 -0400,75
2020-08-18 18:25:50 -0400,82
2020-08-18 18:17:44 -0400,81
2020-08-18 18:12:42 -0400,78
2020-08-18 18:09:31 -0400,82
2020-08-18 18:02:46 -0400,81
2020-08-18 17:58:48 -0400,81
2020-08-18 17:55:56 -0400,84
2020-08-18 17:47:19 -0400,81
2020-08-18 17:44:52 -0400,83
2020-08-18 17:37:56 -0400,78
2020-08-18 17:34:36 -0400,81
2020-08-18 17:26:57 -0400,83
2020-08-18 17:24:24 -0400,83
2020-08-18 17:17:57 -0400,82
2020-08-18 17:12:22 -0400,87
2020-08-18 17:08:38 -0400,87
2020-08-18 17:05:34 -0400,88
2020-08-18 16:52:31 -0400,93
2020-08-18 16:49:19 -0400,88
2020-08-18 16:42:41 -0400,95
2020-08-18 16:38:43 -0400,104
2020-08-18 16:34:58 -0400,95
2020-08-18 16:27:14 -0400,89
2020-08-18 16:24:31 -0400,85
2020-08-18 16:16:55 -0400,86
2020-08-18 16:13:51 -0400,85
2020-08-18 16:07:31 -0400,81
2020-08-18 16:05:00 -0400,80
2020-08-18 15:59:04 -0400,80
2020-08-18 15:55:11 -0400,81
2020-08-18 15:48:56 -0400,78
2020-08-18 15:46:04 -0400,85
2020-08-18 15:37:51 -0400,86
2020-08-18 15:34:58 -0400,82
2020-08-18 15:23:12 -0400,89
2020-08-18 15:16:19 -0400,91
2020-08-18 15:14:24 -0400,90
2020-08-18 15:10:36 -0400,80
2020-08-18 15:07:16 -0400,92
2020-08-18 15:01:56 -0400,87
2020-08-18 14:57:36 -0400,89
2020-08-18 14:53:14 -0400,88
2020-08-18 14:49:49 -0400,84
2020-08-18 14:44:20 -0400,85
2020-08-18 14:38:22 -0400,88
2020-08-18 14:35:03 -0400,88
2020-08-18 14:28:32 -0400,86
2020-08-18 14:24:43 -0400,86
2020-08-18 14:19:03 -0400,87
2020-08-18 14:15:27 -0400,88
2020-08-18 14:07:47 -0400,86
2020-08-18 14:01:59 -0400,86
2020-08-18 14:00:45 -0400,86
2020-08-18 13:54:47 -0400,80
2020-08-18 13:50:41 -0400,83
2020-08-18 13:43:48 -0400,80
2020-08-18 13:38:45 -0400,97
2020-08-18 13:33:57 -0400,90
2020-08-18 13:29:56 -0400,82
2020-08-18 13:26:03 -0400,80
2020-08-18 13:20:55 -0400,83
2020-08-18 13:13:57 -0400,101
2020-08-18 13:09:04 -0400,72
2020-08-18 13:02:18 -0400,78
2020-08-18 13:00:06 -0400,84
2020-08-18 12:53:11 -0400,76
2020-08-18 12:48:37 -0400,79
2020-08-18 12:42:09 -0400,71
2020-08-18 12:38:33 -0400,79
2020-08-18 12:31:19 -0400,72
2020-08-18 12:27:48 -0400,74
2020-08-18 12:23:03 -0400,72
2020-08-18 12:18:47 -0400,72
2020-08-18 12:15:54 -0400,72
2020-08-18 12:11:04 -0400,71
2020-08-18 12:05:06 -0400,96
2020-08-18 11:56:30 -0400,71
2020-08-18 11:54:08 -0400,75
2020-08-18 11:51:03 -0400,74
2020-08-18 11:43:24 -0400,73
2020-08-18 11:38:07 -0400,77
2020-08-18 11:35:33 -0400,73
2020-08-18 11:27:07 -0400,66
2020-08-18 11:24:52 -0400,76
2020-08-18 11:19:05 -0400,67
2020-08-18 11:12:26 -0400,73
2020-08-18 11:10:42 -0400,73
2020-08-18 11:01:52 -0400,70
2020-08-18 11:00:38 -0400,73
2020-08-18 10:54:24 -0400,74
2020-08-18 10:52:55 -0400,72.4528
2020-08-18 10:48:35 -0400,72
2020-08-18 10:45:54 -0400,68
2020-08-18 10:40:49 -0400,64
2020-08-18 10:34:05 -0400,73
2020-08-18 10:27:20 -0400,78
2020-08-18 10:25:10 -0400,76
2020-08-18 10:19:17 -0400,77
2020-08-18 10:11:57 -0400,74
2020-08-18 10:06:37 -0400,72
2020-08-18 10:03:33 -0400,75
2020-08-18 10:00:01 -0400,79
2020-08-18 09:51:47 -0400,77
2020-08-18 09:46:13 -0400,76
2020-08-18 09:41:32 -0400,78
2020-08-18 09:36:48 -0400,78
2020-08-18 09:31:55 -0400,80
2020-08-18 09:28:32 -0400,80
2020-08-18 09:23:38 -0400,74
2020-08-18 09:20:39 -0400,74
2020-08-18 09:15:39 -0400,74
2020-08-18 09:06:54 -0400,70
2020-08-18 09:02:26 -0400,71
2020-08-18 09:01:03 -0400,73
2020-08-18 08:52:33 -0400,63
2020-08-18 08:48:43 -0400,65
2020-08-18 08:44:43 -0400,65
2020-08-18 08:39:49 -0400,59
2020-08-18 08:33:17 -0400,58
2020-08-18 08:26:18 -0400,63
2020-08-18 08:21:13 -0400,61
2020-08-18 08:17:59 -0400,59
2020-08-18 08:11:23 -0400,63
2020-08-18 08:06:23 -0400,62
2020-08-18 08:01:28 -0400,61
2020-08-18 07:56:48 -0400,62
2020-08-18 07:51:53 -0400,62
2020-08-18 07:46:38 -0400,60
2020-08-18 07:45:26 -0400,56
2020-08-18 07:39:08 -0400,56
2020-08-18 07:31:47 -0400,58
2020-08-18 07:28:43 -0400,58
2020-08-18 07:21:13 -0400,58
2020-08-18 07:16:13 -0400,59
2020-08-18 07:11:13 -0400,59
2020-08-18 07:06:13 -0400,58
2020-08-18 07:01:23 -0400,58
2020-08-18 06:56:23 -0400,58
2020-08-18 06:52:38 -0400,57
2020-08-18 06:48:40 -0400,59
2020-08-18 06:47:06 -0400,57.7444
2020-08-18 06:41:16 -0400,62
2020-08-18 06:36:16 -0400,61
2020-08-18 06:32:36 -0400,62
2020-08-18 06:29:14 -0400,60
2020-08-18 06:21:14 -0400,60
2020-08-18 06:16:19 -0400,61
2020-08-18 06:13:29 -0400,59
2020-08-18 06:06:17 -0400,59
2020-08-18 06:03:29 -0400,60
2020-08-18 05:56:24 -0400,62
2020-08-18 05:53:04 -0400,59
2020-08-18 05:49:29 -0400,51
2020-08-18 05:43:19 -0400,55
2020-08-18 05:38:45 -0400,57
2020-08-18 05:32:47 -0400,57
2020-08-18 05:26:14 -0400,60
2020-08-18 05:21:54 -0400,60
2020-08-18 05:16:19 -0400,62
2020-08-18 05:11:49 -0400,62
2020-08-18 05:06:14 -0400,62
2020-08-18 05:04:59 -0400,62
2020-08-18 04:56:24 -0400,66
2020-08-18 04:51:34 -0400,66
2020-08-18 04:46:12 -0400,64
2020-08-18 04:41:24 -0400,66
2020-08-18 04:36:24 -0400,65
2020-08-18 04:31:34 -0400,69
2020-08-18 04:26:24 -0400,66
2020-08-18 04:21:14 -0400,63
2020-08-18 04:16:34 -0400,63
2020-08-18 04:11:34 -0400,64
2020-08-18 04:06:14 -0400,65
2020-08-18 04:01:19 -0400,65
2020-08-18 03:58:49 -0400,65
2020-08-18 03:51:14 -0400,67
2020-08-18 03:46:59 -0400,67
2020-08-18 03:41:19 -0400,66
2020-08-18 03:36:59 -0400,66
2020-08-18 03:31:30 -0400,67
2020-08-18 03:26:14 -0400,70
2020-08-18 03:21:19 -0400,71
2020-08-18 03:16:24 -0400,72
2020-08-18 03:11:24 -0400,68
2020-08-18 03:06:14 -0400,71
2020-08-18 03:01:29 -0400,70
2020-08-18 02:56:29 -0400,69
2020-08-18 02:54:44 -0400,69
2020-08-18 02:46:59 -0400,71
2020-08-18 02:41:44 -0400,71
2020-08-18 02:36:24 -0400,70
2020-08-18 02:32:19 -0400,73
2020-08-18 02:30:51 -0400,72.4528
2020-08-18 02:26:41 -0400,73
2020-08-18 02:21:51 -0400,72
2020-08-18 02:19:51 -0400,72
2020-08-18 02:13:01 -0400,75
